{"0": [106.69584552303525, 10.778206601928558], "1": [106.69566581504333, 10.778185522802634], "2": [106.69545392054536, 10.778008985065089], "3": [106.69534663219198, 10.777719146763951], "4": [106.69516692420008, 10.77787197063025], "5": [106.69515351315589, 10.778082762042622], "6": [106.69488529227245, 10.778493804872149], "7": [106.6952464454993, 10.778742479285524], "8": [106.69454370670974, 10.778426292804651], "9": [106.69479851657616, 10.778157534034744], "10": [106.69485484296771, 10.778038963912891], "11": [106.69500236446936, 10.777780744374809], "12": [106.6948146098309, 10.77757785743948], "13": [106.69461612635598, 10.777556778269526], "14": [106.69434790544392, 10.777635825149227], "15": [106.6941467397599, 10.77767534858132], "16": [106.69445787601788, 10.777988900958537], "17": [106.6942245238244, 10.778175978271712], "18": [106.69417087964196, 10.777751760535269], "19": [106.69428353242505, 10.778339341464177], "20": [106.69408773115924, 10.777980996280773], "21": [106.69468318159038, 10.777232685827473], "22": [106.69416819743924, 10.777332811979417], "23": [106.69428085022231, 10.776940211877106], "24": [106.6946483128876, 10.776790022436188], "25": [106.6949621313547, 10.77650545277243], "26": [106.6951713436661, 10.776299930070191], "27": [106.69657950338645, 10.777596301696937], "28": [106.69682090220724, 10.77734071667732], "29": [106.6970113390548, 10.77718262274213], "30": [106.69705157219164, 10.776840085597684], "31": [106.69632201131084, 10.77714309924536], "32": [106.69607256586264, 10.77697710050223], "33": [106.69647757943984, 10.77683745069506], "34": [106.69687991080792, 10.77660821407867], "35": [106.69701402126394, 10.776853260110448], "36": [106.69678366006625, 10.77605573112454], "37": [106.6967796412934, 10.776347875838834], "38": [106.696546552468, 10.776513687577571], "39": [106.69619290045708, 10.776683447120243], "40": [106.6961486939557, 10.77622549092546], "41": [106.69643402682816, 10.77608731435057], "42": [106.69580709826332, 10.77618206400876], "43": [106.69581111703616, 10.775854387980736], "44": [106.69641795173676, 10.7760201999913], "45": [106.6953449393854, 10.776000460471026], "46": [106.6971091806672, 10.776261022034468], "47": [106.69502090492702, 10.779125712332387], "48": [106.69460784472248, 10.77889384257414], "49": [106.69545395672031, 10.7789032756077], "50": [106.69757969578512, 10.77685860035912]}